URL,Lastmod,Changefreq,Priority
https://qitower.heytcm.com/,2025-03-19,daily,1.0
https://qitower.heytcm.com/de,2025-03-09,weekly,0.9
https://qitower.heytcm.com/privacy,2025-03-09,weekly,0.9
https://qitower.heytcm.com/screens/battle,2025-03-09,weekly,0.9
https://qitower.heytcm.com/screens/battle_preparation,2025-03-09,weekly,0.9
https://qitower.heytcm.com/screens/card_inventory,2025-03-09,weekly,0.9
https://qitower.heytcm.com/screens/daily_questions,2025-03-09,weekly,0.9
https://qitower.heytcm.com/screens/daily_questions_list,2025-03-09,weekly,0.9
https://qitower.heytcm.com/screens/home,2025-03-09,weekly,0.9
https://qitower.heytcm.com/screens/login,2025-03-09,weekly,0.9
https://qitower.heytcm.com/screens/membership,2025-03-09,weekly,0.9
https://qitower.heytcm.com/screens/profile,2025-03-09,weekly,0.9
https://qitower.heytcm.com/screens/results,2025-03-09,weekly,0.9
https://qitower.heytcm.com/screens/tower_collection,2025-03-09,weekly,0.9
https://qitower.heytcm.com/screens/tower_fusion,2025-03-09,weekly,0.9
https://qitower.heytcm.com/screens/welcome,2025-03-09,weekly,0.9
https://qitower.heytcm.com/terms,2025-03-09,weekly,0.9
https://qitower.heytcm.com/zh,2025-03-09,weekly,0.9